window_id,pair_ordinal,seq,input_sha256,mask_version,target_valid,count,sum_x,sum_y,centroid_x,centroid_y,bbox_x0,bbox_y0,bbox_x1,bbox_y1,centroid_in_roi,intersection,union,iou,scene_matches,saved_raw_ids
r2-reported-3m-v1-P0-R1,1,68022,59d191a8d1c4041deed56b8c33a0bcb817e77017ca7575a29cfd51f9791a0c1b,1,True,116,45597,33008,393,284,2,64,551,448,False,2016,211750,0.009520661157024794,False,
r2-reported-3m-v1-P0-R1,2,68023,7cc180c750f99adea5f852d71ed6768b27302bfdc1d7bf74a19e7e86152f7a95,1,True,150,57769,43540,385,290,0,106,551,454,False,2016,192648,0.010464681699264981,False,
r2-reported-3m-v1-P0-R1,3,68024,2f7221f42ee983dc8310f43bd80b89581e55d492b6c1c1f9af2b9b4a5b052523,1,True,156,60724,45897,389,294,0,108,551,454,False,2016,191544,0.010524996867560456,False,
r2-reported-3m-v1-P0-R1,4,68025,f457f01feb2d3ef4852d2477a3c8aaf7bc8fc65038877ef4061b1752e1233313,1,True,152,57209,43310,376,284,0,204,551,454,True,2016,138552,0.014550493677464056,False,
r2-reported-3m-v1-P0-R1,5,68026,af9f44386e514cffa614cbe1e47ce8725fa79daedb9e591949158e7a8c76e06c,1,True,100,38113,29650,381,296,0,224,551,454,False,2016,127512,0.015810276679841896,False,
r2-reported-3m-v1-P0-R1,6,68027,51e5123a70ba73a19e34764d7609332787fddc9f32194d4c8e904b14f02f3dc9,1,True,110,43292,33236,393,302,0,242,551,454,False,2016,117576,0.017146356399265157,False,
r2-reported-3m-v1-P0-R1,7,68028,b54a57fc7381f44c1f51ba0e2939e1992ec664d167cf59b6c44cdc6c740ccf79,1,True,118,48061,33864,407,286,0,83,551,449,False,2016,202584,0.00995142755597678,False,
r2-reported-3m-v1-P0-R1,8,68029,aac064f196311ef69a944b43f0988fed102aa890f8efbaded2e4a884c465b581,1,True,104,39871,30007,383,288,2,242,551,448,True,2016,113850,0.017707509881422924,False,
r2-reported-3m-v1-P0-R1,9,68030,1ab856112afa04bfdf5a1ce862f50867fcc35062a45d847ade5f038006198aff,1,True,104,42297,29235,406,281,0,97,551,454,False,2016,197616,0.010201603109059995,False,
r2-reported-3m-v1-P0-R1,10,68031,1443b04473c43697f7abd80cb396f986507b149241ccc974561db5ecbc9ce8e1,1,True,211,85012,59761,402,283,0,70,551,454,False,2016,212520,0.009486166007905139,False,
r2-reported-3m-v1-P0-R1,11,68032,c7154258fe99bcffd84d5e685806f8db68fa2f4132b3eb9b3aecadb3fc852f35,1,True,177,67961,50899,383,287,2,135,551,448,True,2016,172700,0.011673422119281992,False,
r2-reported-3m-v1-P0-R1,12,68033,a03d6dbe067c46fd9ecf96f5076298b24d239d7022bf9353289af75819f33420,1,True,180,73413,50882,407,282,0,83,551,454,False,2016,205344,0.009817671809256662,False,
r2-reported-3m-v1-P0-R1,13,68034,e06959afbe02adb34fcb386cd973c9c1adb1799629c66da7b53cb3a714bed3ef,1,True,211,80765,60966,382,288,0,195,551,451,True,2016,141864,0.014210793435966842,False,
r2-reported-3m-v1-P0-R1,14,68035,011834d2da6851b855adb0deac2467eeb6d65c8578ad45406c75044c26e1ae10,1,True,162,63387,45771,391,282,0,67,551,454,False,2016,214176,0.00941281936351412,False,
r2-reported-3m-v1-P0-R1,15,68036,a274ba2bfc557ff341f9c85a24a5fa4ff2f31f5224c772a1351c302cb765ee65,1,True,163,64961,46368,398,284,0,73,551,454,False,2016,210864,0.009560664693831095,False,
r2-reported-3m-v1-P0-R1,16,68037,d48f0637f4900ba142294bc83ee8705d20b9a9baf9dce50639752e31e7ab2065,1,True,136,52781,39502,388,290,0,242,551,454,False,2016,117576,0.017146356399265157,False,
r2-reported-3m-v1-P0-R1,17,68038,10ef3b881783e5c9e590c434e04d6fe3645040d48ef9b0ef939688414b78c001,1,True,169,64489,48774,381,288,0,153,551,454,True,2016,166704,0.012093291102792975,False,
r2-reported-3m-v1-P0-R1,18,68039,08909e899db8cdae2231b7d4b4e0175849e4ea0f5f604cc2b08af84f89c3968f,1,True,164,67567,45572,411,277,0,19,551,454,False,2016,240672,0.008376545672118069,False,
r2-reported-3m-v1-P0-R1,19,68040,0b3d80e3470dc4edc5d1a09f84c1047c9c528259b12c524e31b03257f878aaa4,1,True,197,73566,56439,373,286,0,95,551,454,True,2016,198720,0.010144927536231883,False,
r2-reported-3m-v1-P0-R1,20,68041,988bf1cf1c2021785f10e7722d9814384cb426d7b2839b4446d139e5973ff794,1,True,104,40431,29722,388,285,0,129,551,451,True,2016,178296,0.011307039978462781,False,
r2-reported-3m-v1-P0-R1,21,68042,0e44773a869cc6ed03132c485b27e8591f196c945df482706f7587f3fa901e5d,1,True,149,56691,43468,380,291,0,88,551,454,False,2016,202584,0.00995142755597678,False,
r2-reported-3m-v1-P0-R1,22,68043,32fde3e5686340e9a9465ca8885adf5f9b0fc816eb773fbd893cdc9124611df6,1,True,181,65120,49814,359,275,0,4,551,454,True,2016,248952,0.008097946592114142,False,
r2-reported-3m-v1-P0-R1,23,68044,005d0302f52f7d8c68ed1f6af9e44aa509912d122e74efc1642a8b6fb959e4b2,1,True,154,63381,43835,411,284,0,242,551,454,False,2016,117576,0.017146356399265157,False,
r2-reported-3m-v1-P0-R1,24,68045,9638e1bf9714bdc4aabf92a12635a4ad33e2b5fa0d79dd2dbc99e016336cb7d1,1,True,167,68318,48071,409,287,0,157,551,454,False,2016,164496,0.01225561715786402,False,
r2-reported-3m-v1-P0-R1,25,68046,4aeb83644c1aedc1d77d9c397c464cbc690c8628a51611467714e4c746047f43,1,True,132,55438,38941,419,295,2,242,551,454,False,2016,117150,0.017208706786171576,False,
r2-reported-3m-v1-P0-R1,26,68047,6ed65941acc6a2059273deb00418da453e1937aff89e92dac71cc3d6441d503b,1,True,129,50196,37141,389,287,0,199,551,453,True,2016,140760,0.01432225063938619,False,
r2-reported-3m-v1-P0-R1,27,68048,a624cdb4e5db622fbcf83e53c2abbc3f61e5831f37205257ccebacc17fa9664e,1,True,126,51118,37277,405,295,2,242,551,452,False,2016,116050,0.017371822490305902,False,
r2-reported-3m-v1-P0-R1,28,68049,9812cf1d91548e5805d7c6deb558d80f6edba497f1d319e69eb4146a47fdd626,1,True,171,67710,50010,395,292,0,8,551,454,False,2016,246744,0.008170411438576015,False,
r2-reported-3m-v1-P0-R1,29,68050,fa956c2d35eb59381d8676c19e4e373d9c2b31a823494562680e695454afb824,1,True,127,50175,35407,395,278,4,188,551,453,False,2016,145768,0.013830195927775643,False,
r2-reported-3m-v1-P0-R1,30,68051,78571f0df4fc8449fbe4f9432bb91dc27eabf980c2024f73a2b2a744570fc111,1,True,154,57986,45095,376,292,0,156,551,454,False,2016,165048,0.012214628471717318,False,
r2-reported-3m-v1-P0-R1,31,68052,b31fc6849047e3702aeb8e1b02ad9bd31adac6ae38d731be59a461654b9e5e2f,1,True,129,47085,37979,365,294,0,242,551,454,False,2016,117576,0.017146356399265157,False,
r2-reported-3m-v1-P0-R1,32,68053,f085cc34a6656ee889c0fddc9b2c350c22ef1f2bd48c68fe981e2fd3be2cb7cc,1,True,119,46235,33698,388,283,2,187,551,454,True,2016,147400,0.01367706919945726,False,
r2-reported-3m-v1-P0-R1,33,68054,399fcab329bb422d6719dfea95299a19ee72f3de87d9df18fec4b65a56ce796f,1,True,137,55716,39146,406,285,0,224,551,449,False,2016,124752,0.016160061562139283,False,
r2-reported-3m-v1-P0-R1,34,68055,1dac912307c47a682b285d06d1785d98537e26f81b8eb329a2bb18e154e64de7,1,True,137,57266,39470,418,288,1,150,619,451,False,2016,186938,0.010784324214445432,False,
r2-reported-3m-v1-P0-R1,35,68056,a5465acaa15a7a5bd7491adda1f3193796e5cdd2d046341773bfa501a6b34388,1,True,135,53394,39612,395,293,0,242,551,454,False,2016,117576,0.017146356399265157,False,
r2-reported-3m-v1-P0-R1,36,68057,a018e8b11320a8f4985543fe4b7b2d890cebbc8bbebf5fdbd7583ca0e0f13ee2,1,True,141,55940,39626,396,281,0,94,551,453,False,2016,198720,0.010144927536231883,False,
r2-reported-3m-v1-P0-R1,37,68058,2c1aa803e8dd335634a5dd53ee8e9351ea59163efb3e22b00efe63448671bbe5,1,True,156,62692,45614,401,292,0,194,551,454,False,2016,144072,0.013993003498250875,False,
r2-reported-3m-v1-P0-R1,38,68059,abbbe0a813d1dab5b5ddc04b3d6afb21cf4ea54369bf21580a79fe73a57022dd,1,True,172,69174,48304,402,280,9,4,551,427,False,2016,230232,0.008756384863963306,False,
r2-reported-3m-v1-P0-R1,39,68060,efc0961c9be65d274f3d8bd80d60bff6c5a8a962a88a7858e384b3cb54169a42,1,True,102,40918,29050,401,284,0,181,551,449,False,2016,148488,0.013576854695328915,False,
r2-reported-3m-v1-P0-R1,40,68061,160abdd45f4b171f2898cff78c5cf9b09c1ce149e1073a2e61765cd51cfad258,1,True,152,60890,44943,400,295,0,238,551,454,False,2016,119784,0.016830294530154277,False,
r2-reported-3m-v1-P0-R1,41,68062,9df0db909a4823b4d5955606cf4b6872fdea79d10a30d4c3f74413779cd61616,1,True,145,59057,41008,407,282,0,182,551,454,False,2016,150696,0.013377926421404682,False,
r2-reported-3m-v1-P0-R1,42,68063,18773dc4b57f78cd65e0abdb67f148eeac0de28161c899463721265068e75a55,1,True,123,49743,35407,404,287,4,179,551,447,False,2016,147412,0.0136759558244919,False,
r2-reported-3m-v1-P0-R1,43,68064,5a8274d53a8a0736dd1457fc83ab6f5fcd62f98b7b28fe0fd1484e1c4f593e6c,1,True,155,57541,43800,371,282,0,157,551,454,True,2016,164496,0.01225561715786402,False,
r2-reported-3m-v1-P0-R1,44,68065,6b57323178f2e4f1871392d65348cfc64fd750fb1f013266da6e8ead1a786600,1,True,140,57291,40706,409,290,0,108,551,454,False,2016,191544,0.010524996867560456,False,
r2-reported-3m-v1-P0-R1,45,68066,afe36a720d577dfe1df3635d7789d502d0bf0a496a1935882632277a11c9ec9a,1,True,137,54606,39429,398,287,0,178,551,454,False,2016,152904,0.013184743368388008,False,
r2-reported-3m-v1-P0-R1,46,68067,1653fb9814674a42d49a9688201c89371f21aff5002b1a90f0f3ccaf19d6ebe7,1,True,136,57494,37741,422,277,0,15,551,449,False,2016,240120,0.008395802098950524,False,
r2-reported-3m-v1-P0-R1,47,68068,3da0cf5dc1095db1f912bafe53410b4c669c982974bb296bc9eb68ce02e7f4c1,1,True,142,53513,40122,376,282,0,25,551,452,True,2016,236256,0.008533116619260463,False,
r2-reported-3m-v1-P0-R1,48,68069,4398fd59198cfec7ddeeb8c8bdc7b38dff41011d6d01071e9edc5d6de198406c,1,True,103,40569,28543,393,277,0,188,551,449,False,2016,144624,0.013939595087952207,False,
r2-reported-3m-v1-P0-R1,49,68070,a5527c134cd2d4b0f810805b0e673b4a996c680934d4428c44a37c6d28c32822,1,True,82,31117,24477,379,298,0,242,551,454,False,2016,117576,0.017146356399265157,False,
r2-reported-3m-v1-P0-R1,50,68071,b34a578579e96dd065ff82bad902eb9c86f7b352814b189c6b81971fcbb843e2,1,True,166,65306,48502,393,292,1,242,551,454,False,2016,117363,0.0171774750134199,False,
r2-reported-3m-v1-P0-R1,51,68072,35e8bc1790a9f11e545bf567bfc522e7039bd3977dbea107d7300ec55ae42d2b,1,True,139,52854,40539,380,291,0,114,551,454,False,2016,188232,0.010710187428279994,False,
r2-reported-3m-v1-P0-R1,52,68073,75abf91280c7bedb2de31302ccbba4d81bef60e28e4719d3d65cf62905a8d0f5,1,True,114,44783,33262,392,291,0,202,551,454,False,2016,139656,0.014435470012029558,False,
r2-reported-3m-v1-P0-R1,53,68074,18211907aef15aa4eb541582cd64326a6659a15ff6516792893e72a6f7091e6e,1,True,138,58074,38880,420,281,0,179,551,449,False,2016,149592,0.013476656505695492,False,
r2-reported-3m-v1-P0-R1,54,68075,0e8486f2bc35824cf2cb900d2c520822739c55521e76e531a0706ff8e760ccdb,1,True,100,39124,28842,391,288,6,243,551,445,False,1974,110880,0.017803030303030303,False,
r2-reported-3m-v1-P0-R1,55,68076,9690b7e36aaaf324bc48909aef875c802cb38a7ff5c17441199e6a235aa580d9,1,True,119,47665,33964,400,285,2,121,551,454,False,2016,183700,0.010974414806750135,False,
r2-reported-3m-v1-P0-R1,56,68077,c36f4a9d798dad54ee24a3697bab7924a4589e9ba0c3297d3446ae18e79d9200,1,True,149,58305,41566,391,278,0,149,551,454,False,2016,168912,0.011935208866155157,False,
r2-reported-3m-v1-P0-R1,57,68078,5b9e99c044f68e20807db01edc8e69a56764a31dc949f4fefbfa21309af1d961,1,True,195,76629,56767,392,291,0,32,551,451,False,2016,231840,0.008695652173913044,False,
r2-reported-3m-v1-P0-R1,58,68079,fe429eb0c533c003c2a7a89981d88bdeddfe9d556a640954146423bbd17aa669,1,True,157,60778,45830,387,291,0,151,551,454,False,2016,167808,0.012013729977116704,False,
r2-reported-3m-v1-P0-R1,59,68080,acb4c7ecf7b8d45f89a069534e73287dd32eeae570f91ed578c3e278d88918a9,1,True,136,56998,39807,419,292,2,8,551,448,False,2016,242550,0.008311688311688312,False,
r2-reported-3m-v1-P0-R1,60,68081,7e6454a31cad3fc4ee5864eea9f6c2bb05744adbdda96cd066bfb55e77619668,1,True,170,68721,46231,404,271,4,61,551,446,False,2016,211528,0.00953065315230135,False,
r2-reported-3m-v1-P0-R1,61,68082,352431a52e72bbb11a64457d2a3aeb62de8e9be545aff2810cf7db03c56b7d03,1,True,103,38187,29492,370,286,2,187,551,453,True,2016,146850,0.01372829417773238,False,
r2-reported-3m-v1-P0-R1,62,68083,67f5c37145a37fe6ffc8dca707bfba708272991eb9ed2c208719b5cc63ade9b0,1,True,131,52097,37574,397,286,0,160,551,454,False,2016,162840,0.012380250552689757,False,
r2-reported-3m-v1-P0-R1,63,68084,1df84016e39e8b890295ee642accd03c2401be4968e72c1dda74d7408307789e,1,True,118,48034,33452,407,283,4,208,551,452,False,2016,134260,0.015015641293013556,False,
r2-reported-3m-v1-P0-R1,64,68085,369ad35c6b0472463078e5423119d459db3b35732e1da1ddf91ca28d9c988b5e,1,True,139,54669,40275,393,289,0,115,551,454,False,2016,187680,0.010741687979539642,False,
r2-reported-3m-v1-P0-R1,65,68086,0542b395870c72eef992b535631679f4a0504bd09d20f1eae773980b2ee8302e,1,True,153,64292,44367,420,289,0,76,617,454,False,2016,234222,0.008607218792427696,False,
r2-reported-3m-v1-P0-R1,66,68087,2554226062ffa553783b39b5bd761477267d66fe0493acbbf5c73f3bcf379b6b,1,True,145,55887,42835,385,295,0,242,551,454,False,2016,117576,0.017146356399265157,False,
r2-reported-3m-v1-P0-R1,67,68088,d5fccf4858c11451b27568c4e2d4edbf2873242297eee5df42ac863299a2fe21,1,True,131,52694,38291,402,292,0,133,551,454,False,2016,177744,0.011342155009451797,False,
r2-reported-3m-v1-P0-R1,68,68089,7457310d725a007e048c8df6f0e9fed536c359d6d194af14361be527f8de86db,1,True,111,42392,30695,381,276,2,117,551,448,True,2016,182600,0.01104052573932092,False,
r2-reported-3m-v1-P0-R1,69,68090,5294e7b9721ef2dc480e41616ebf26c087a3bf343bae59d318eddb691f73cf04,1,True,144,56814,41128,394,285,0,186,551,454,False,2016,148488,0.013576854695328915,False,
r2-reported-3m-v1-P0-R1,70,68091,5691d2c42792a7c238d9f49b181077bf296e9a7b2231436ab651a86fc77f5bb5,1,True,171,67773,49676,396,290,1,232,551,454,False,2016,122873,0.016407184654073717,False,
r2-reported-3m-v1-P0-R1,71,68092,40751e6b41b56f19d4c39da4a9f4a980038413e7ad7aa1789753a3753dc128ba,1,True,169,69086,47870,408,283,9,236,551,444,False,2016,113487,0.017764149197705463,False,
r2-reported-3m-v1-P0-R1,72,68093,258e86c38b222138b1ab826c9fc1e2b3d71ae86432fbb72dcedcafcb256ad32f,1,True,162,66056,47333,407,292,0,214,551,454,False,2016,133032,0.015154248601840158,False,
r2-reported-3m-v1-P0-R1,73,68094,f757fe8fd840f0d51ffe65db0c92ccc7fa4d80609ba9200fba937b311d991b59,1,True,160,64827,45244,405,282,0,174,551,454,False,2016,155112,0.012997060188766826,False,
r2-reported-3m-v1-P0-R1,74,68095,0d8aba3fe9776eeb72bf341549c32f1fa4969b7bc6c1f1ff20246fac1726898d,1,True,149,58755,42063,394,282,0,112,551,449,False,2016,186576,0.010805248263442244,False,
r2-reported-3m-v1-P0-R1,75,68096,24acfda001fde504e2395ddf44a3410d024abcfcae15e021d386b0c05d3d8fb8,1,True,112,46111,31802,411,283,0,179,621,454,False,2016,171672,0.011743324479239479,False,
r2-reported-3m-v1-P0-R1,76,68097,800729c150bb6f5daf407b324b3b14f2bca3dfb9cb49c4ffee77dc5c4984d12f,1,True,203,81462,59344,401,292,0,153,551,454,False,2016,166704,0.012093291102792975,False,
r2-reported-3m-v1-P0-R1,77,68098,2d650d299d842eeeae518cb3c4fa43af641e2962d419d54dcd528e1cdd977817,1,True,130,49815,37715,383,290,1,115,551,451,False,2016,185687,0.010856979756256496,False,
r2-reported-3m-v1-P0-R1,78,68099,4db1dc1abcc837b75ba08c75ffd8c055bbe3ceac35f3ff0bc9b010fbf46ef2f7,1,True,151,60082,42062,397,278,6,142,551,445,False,2016,165984,0.012145748987854251,False,
r2-reported-3m-v1-P0-R1,79,68100,107b24376b2df4654b8ee587d6d562d0f97a30bedb17f8514c8b13e5f98b5895,1,True,98,38298,27314,390,278,0,22,551,449,True,2016,236256,0.008533116619260463,False,
r2-reported-3m-v1-P0-R1,80,68101,e1372147f66ae5ca4574c42bbc5f291cc07256f3600fafc53b5cd17f5b1ff9d3,1,True,149,57825,44218,388,296,1,71,551,454,False,2016,211584,0.009528130671506351,False,
r2-reported-3m-v1-P0-R1,81,68102,e1d489eb26378c912e6877de601e8900358dc11d7a7a942625e988381b6b322d,1,True,163,65620,45520,402,279,0,137,551,454,False,2016,175536,0.011484823625922888,False,
r2-reported-3m-v1-P0-R1,82,68103,293617a91a9f3206e9f86c4d297f5d8d12d0481007d3617884a98db7cfaf111f,1,True,156,61160,44950,392,288,0,159,551,454,False,2016,163392,0.012338425381903642,False,
r2-reported-3m-v1-P0-R1,83,68104,6c6e3cd0b055f687043a6d478732a29433a6977e24b08ece1aa5dcf81ec25212,1,True,140,57833,40052,413,286,0,5,551,454,False,2016,248400,0.008115942028985508,False,
r2-reported-3m-v1-P0-R1,84,68105,639493fdef8e62f534f25bbe147142c61446ecd924b737c812303b3bc75ef252,1,True,145,59017,41394,407,285,0,178,551,449,False,2016,150144,0.013427109974424553,False,
r2-reported-3m-v1-P0-R1,85,68106,77471775a660c7e9a0951882f55bcbc782d0c91448a1554fcb1eefefff2d224b,1,True,152,61680,43428,405,285,0,153,551,449,False,2016,163944,0.012296881862099254,False,
r2-reported-3m-v1-P0-R1,86,68107,c1cfe6470fa74be22e6b45cb3b2d47c4f5dab426dd1370da906f8fbe34518e07,1,True,110,46212,31515,420,286,0,243,551,449,False,1974,114306,0.017269434675345127,False,
r2-reported-3m-v1-P0-R1,87,68108,dd4de371c3bffb8d2f44e09163e9e4f747fae4e46f8f14cc4ea3e2d4aed33ba3,1,True,123,50605,35016,411,284,6,242,551,446,False,2016,111930,0.01801125703564728,False,
r2-reported-3m-v1-P0-R1,88,68109,df5cfd9bc1e2d4c2592765eff349593970e22b5bd963bf2dc7ffa531ab1720fa,1,True,132,51786,37278,392,282,1,158,551,454,False,2016,163647,0.012319199252048618,False,
r2-reported-3m-v1-P0-R1,89,68110,e2c8b65cca9a41b287c80133cf00ea5a832754961c143b6b25263fc85b56f6aa,1,True,92,37741,26772,410,291,6,242,551,445,False,2016,111384,0.01809954751131222,False,
r2-reported-3m-v1-P0-R1,90,68111,6f1d4a298e414edd00d2f83fed1f1685ff834e084fe5279457b97dd541f0ca7b,1,True,149,62393,44163,418,296,1,105,551,454,False,2016,192850,0.01045372050816697,False,
r2-reported-3m-v1-P0-R1,91,68112,ea52b5826a5ec1b48cf1c52bcc4f91abedb072df0b2cdf7899184685500b46be,1,True,111,45000,32039,405,288,0,169,551,453,False,2016,157320,0.012814645308924484,False,
r2-reported-3m-v1-P0-R1,92,68113,fe76ce1260664a8967c9055d9df05cd290f941345b79c91ec4f9a4231d210f5e,1,True,110,42022,31686,382,288,4,152,551,453,True,2016,165496,0.01218156330062358,False,
r2-reported-3m-v1-P0-R1,93,68114,922539df855dfdcded6cfbc4a8683c2f81b9c9279b5dff090d131611704905c8,1,True,157,63284,44609,403,284,2,156,618,454,False,2016,184483,0.010927836169186321,False,
r2-reported-3m-v1-P0-R1,94,68115,5c7cca2dd5f42d6a520c53760b8f153fbf7132a1a8ade0ad890faa5d1f37d662,1,True,113,46594,31333,412,277,6,112,551,445,False,2016,182364,0.011054813450023031,False,
r2-reported-3m-v1-P0-R1,95,68116,e97f8ad442b5f3bbe3f65b36683989511fc731af6bb2754cfefcf26e357f6ada,1,True,140,55576,39901,396,285,0,233,551,449,False,2016,119784,0.016830294530154277,False,
r2-reported-3m-v1-P0-R1,96,68117,cf6449e590c15ca38d1975486e48ed12694ced0f698c50c62be34e1116cd9d8c,1,True,150,57625,42225,384,281,0,242,551,454,True,2016,117576,0.017146356399265157,False,
r2-reported-3m-v1-P0-R1,97,68118,d8dab7bbb660a83f5d4246c208d6a3ca46a47c337cdbe1d781075993a044a42d,1,True,137,50711,38331,370,279,0,151,551,454,True,2016,167808,0.012013729977116704,False,
r2-reported-3m-v1-P0-R1,98,68119,63311af45f7c2f16ad0c5c659c06bb388b4849aab99cc05a891f877a0e1a19c9,1,True,129,50454,37296,391,289,13,238,551,429,False,2016,103488,0.01948051948051948,False,
r2-reported-3m-v1-P0-R1,99,68120,5bd267d841c29b9a77826c2e78dd6fd43c752b4de400760c4b175bf3c53ae59c,1,True,154,60148,44579,390,289,4,239,551,447,True,2016,114532,0.017602067544441727,False,
r2-reported-3m-v1-P0-R1,100,68121,4bdf121dd6aaa18927fc5d872120af582efe0427c34d0adf844afa4dbd19ce91,1,True,149,62165,42819,417,287,0,242,551,454,False,2016,117576,0.017146356399265157,False,
r3-adjusted-v1-P0-R1,1,6899,390b9403c6dfb1a0eaff92f468d028fa8161c709dbc32c11697f623fe550d8c7,1,True,3540,1161051,690352,327,195,286,172,371,218,True,4042,4550,0.8883516483516484,True,
r3-adjusted-v1-P0-R1,2,6900,c1783001cc0e89144ab93db1a8870a3a8f567e53876f7bc571694ab638bc1e50,1,True,3524,1156242,687325,328,195,286,172,371,218,True,4042,4550,0.8883516483516484,True,
r3-adjusted-v1-P0-R1,3,6901,d98d3c8b3ba0798fa544ca905fffd3148f0440716f32e2f3bf46ce7027908583,1,True,3557,1167373,693521,328,194,286,130,371,218,True,4128,8076,0.5111441307578009,True,
r3-adjusted-v1-P0-R1,4,6902,8a51ed15ac8b332739dc934f0e44bc00efe4c0b0a54c39d95838e287e4c5d573,1,True,3522,1155242,686964,328,195,286,172,371,218,True,4042,4550,0.8883516483516484,True,
r3-adjusted-v1-P0-R1,5,6903,e85694af0da96ffa8c0cda28c6e18065de5f49d809d10f77f0157846b10afa8b,1,True,3496,1146655,681935,327,195,286,172,371,218,True,4042,4550,0.8883516483516484,True,
r3-adjusted-v1-P0-R1,6,6904,189ad1b6c1e3141782e95f9d5aa06e064e202f42852cea5df0be54136dfc89fb,1,True,3528,1157036,688109,327,195,286,172,371,218,True,4042,4550,0.8883516483516484,True,
r3-adjusted-v1-P0-R1,7,6905,fd0dc7649afced6964c24a3d2211b4d6e85713a19410576439ef4331a9e7b1d1,1,True,3522,1155459,687051,328,195,286,172,371,218,True,4042,4550,0.8883516483516484,True,
r3-adjusted-v1-P0-R1,8,6906,e35b1504670971f0960674f2f1e8bdb9f2d0bd316a3f0a00f4d54fd7ff1b20f9,1,True,3511,1152770,684945,328,195,286,172,371,218,True,4042,4550,0.8883516483516484,True,
r3-adjusted-v1-P0-R1,9,6907,3523ae88398b5ee79996abc01fe186b87619535c616142d9f4eee46b3738e3b0,1,True,3548,1163552,692001,327,195,286,172,371,218,True,4042,4550,0.8883516483516484,True,
r3-adjusted-v1-P0-R1,10,6908,ed298152eafc63da270a6add46c6c5c4a87c9863fdc6dd82ee6ad0145e825f57,1,True,3510,1152645,684716,328,195,286,172,371,218,True,4042,4550,0.8883516483516484,True,
r3-adjusted-v1-P0-R1,11,6909,996b4fae570a07eb10f389976287727a5c52a937d3f26ab1e48b61723ab4075f,1,True,3552,1165822,692423,328,194,286,159,505,218,True,4272,13478,0.31696097343819557,False,
r3-adjusted-v1-P0-R1,12,6910,2d075b1987b2015b6838d65c16de9e736ce9e4ecd4640425b4eeb4293ee54297,1,True,3548,1163810,691865,328,195,286,172,371,218,True,4042,4550,0.8883516483516484,True,
r3-adjusted-v1-P0-R1,13,6911,46cbeff4fc4bd9e86e410f7b8099de700229030a9f274e48caae757ef09ca0aa,1,True,3537,1160606,689671,328,194,286,172,371,218,True,4042,4550,0.8883516483516484,True,
r3-adjusted-v1-P0-R1,14,6912,58683e006162c899c1ad68244679e07390721845b4a2b7d72775b6f0c6b5d875,1,True,3526,1156600,687880,328,195,286,155,504,218,True,4272,14294,0.2988666573387435,False,
r3-adjusted-v1-P0-R1,15,6913,649618cd1205e7272dc85b61f3be951e6055989ef4499370f6464a8c7574050a,1,True,3548,1163604,691958,327,195,286,172,371,218,True,4042,4550,0.8883516483516484,True,
r3-adjusted-v1-P0-R1,16,6914,89293e86b06cff67ee245380d8539b98179df16f1a825261e547b4a9cceb2fbd,1,True,3544,1162286,691185,327,195,286,172,371,218,True,4042,4550,0.8883516483516484,True,
r3-adjusted-v1-P0-R1,17,6915,f0848011ef6e0db259d0b593b67d8d9f3df7cf30f8999af7dc7eb6f60ab432b4,1,True,3533,1159198,689044,328,195,286,172,371,218,True,4042,4550,0.8883516483516484,True,
r3-adjusted-v1-P0-R1,18,6916,d286c3324789981067ce07768595e160abce918f6a5c0989a2243859691248f1,1,True,3523,1155904,686774,328,194,286,172,371,218,True,4042,4550,0.8883516483516484,True,
r3-adjusted-v1-P0-R1,19,6917,f41eb5fd144c2ac0da7e36eae397269b5ed63912313b2a04523965632de83a36,1,True,3511,1151666,684820,328,195,286,172,371,218,True,4042,4550,0.8883516483516484,True,
r3-adjusted-v1-P0-R1,20,6918,0b4e865ea0cace6bc77d77a98fd847fbd4ab129b97af731edc59126f37a24b15,1,True,3525,1156822,687240,328,194,286,172,371,218,True,4042,4550,0.8883516483516484,True,
r3-adjusted-v1-P0-R1,21,6919,af0738d045bebf78c5abb7226de5cfe081a25fa03cb212686a46da1d016bdf0e,1,True,3552,1165440,692492,328,194,286,24,505,218,True,4272,43178,0.09893927463059891,False,
r3-adjusted-v1-P0-R1,22,6920,706254334098900aae3c41bc69a8d0d56927a52ff3e7107ce06a63e6b9adb95e,1,True,3520,1155209,686589,328,195,286,172,371,218,True,4042,4550,0.8883516483516484,True,
r3-adjusted-v1-P0-R1,23,6921,9c29fd7720760d1f72cdcbf6cf7807dd1d1914f10563dec4fb15a67b0193a9b3,1,True,3529,1158108,688273,328,195,286,172,371,218,True,4042,4550,0.8883516483516484,True,
r3-adjusted-v1-P0-R1,24,6922,b64d8be1a51a24da3e4250aa66bbee41cdf817e1d0f1ea9a6567b62fdc7b6ebb,1,True,3561,1168289,694355,328,194,286,172,371,219,True,4128,4550,0.9072527472527473,True,
r3-adjusted-v1-P0-R1,25,6923,3cdb9c419c22c02a95f8c04f1a7ec22ed457e9c58acf237cd6c28c7e5930af88,1,True,3539,1161049,690121,328,195,286,172,371,218,True,4042,4550,0.8883516483516484,True,
r3-adjusted-v1-P0-R1,26,6924,acaa6ed11d6ca6d6ee7dca54b89593b3bcf69e4c5738bdc62c5630ea63b24129,1,True,3540,1161435,690438,328,195,286,172,371,218,True,4042,4550,0.8883516483516484,True,
r3-adjusted-v1-P0-R1,27,6925,8f46db302c290ab36fe44398d585f192ac4e21d1522fec4f19ef8cec7302ee29,1,True,3526,1157556,687758,328,195,286,172,371,218,True,4042,4550,0.8883516483516484,True,
r3-adjusted-v1-P0-R1,28,6926,f7641256139b44449fd8b0ea2e4349f23eb6905653224beac63becc29eae0b7e,1,True,3523,1156155,687079,328,195,286,172,371,218,True,4042,4550,0.8883516483516484,True,
r3-adjusted-v1-P0-R1,29,6927,1c72310f8210b2b8c6aaf9ebbfbc5cd82bcd5fa67845029f97ebdbf5b16bf43e,1,True,3562,1168684,694636,328,195,10,172,371,268,True,4312,35352,0.12197329712604661,False,
r3-adjusted-v1-P0-R1,30,6928,fb4b8ea4a13dce970b234d2a56059ee76919e439f8281c97aa3b4b97860572cd,1,True,3551,1165229,692496,328,195,286,172,371,218,True,4042,4550,0.8883516483516484,True,
r3-adjusted-v1-P0-R1,31,6929,04c7d7dafc6a0ac71828849996e348cef23987d6055a1de1a26b27d1f33d8da8,1,True,3497,1146969,682124,327,195,286,172,507,218,True,4183,10801,0.3872789556522544,False,
r3-adjusted-v1-P0-R1,32,6930,ff81de7bc6c48e2af9463cc748e519f462345acaa8b44b389d264e43571e8e74,1,True,3553,1165350,692798,327,194,286,172,371,218,True,4042,4550,0.8883516483516484,True,
r3-adjusted-v1-P0-R1,33,6931,34649a0b9f51df351ad88fef521c9917c4d4323483c96e8e2459b59095e4193d,1,True,3534,1159892,689114,328,194,286,172,371,218,True,4042,4550,0.8883516483516484,True,
r3-adjusted-v1-P0-R1,34,6932,4ae0b45df54185d06a78a1a2cbbfb511f55f743c3d5f08d40d5306ef8723749c,1,True,3555,1166161,693006,328,194,11,172,371,262,True,4312,33089,0.13031521049291306,False,
r3-adjusted-v1-P0-R1,35,6933,e600ae1c5c234fa079da9d6d95e86411eb211994c5d5c6c25922f5089fac414c,1,True,3539,1161165,690270,328,195,286,172,371,218,True,4042,4550,0.8883516483516484,True,
r3-adjusted-v1-P0-R1,36,6934,50afa00df1c438c56f3fcbe579d260a2f861f40cc65c4eba2c5c836503214df1,1,True,3541,1161708,690392,328,194,286,172,371,218,True,4042,4550,0.8883516483516484,True,
r3-adjusted-v1-P0-R1,37,6935,b28a434f1a83cc2f9fbdd47d20adb626bb95ab9cf81b7aac23138c7765354f8e,1,True,3518,1154565,686402,328,195,286,172,371,218,True,4042,4550,0.8883516483516484,True,
r3-adjusted-v1-P0-R1,38,6936,0612ce2f4c88de0df6cccad713b92666de6c99da933284ed7916547a3e2de282,1,True,3544,1161889,690801,327,194,13,153,371,218,True,4224,24020,0.1758534554537885,False,
r3-adjusted-v1-P0-R1,39,6937,f76b783a4c07601cf5020670dd034f79cd75e40aece4472d0039d2f52649d387,1,True,3538,1160587,689856,328,194,286,172,371,218,True,4042,4550,0.8883516483516484,True,
r3-adjusted-v1-P0-R1,40,6938,4748da55cb98fb50d1fc412706a73ca53d989eca20c29d9df24bfe205407d581,1,True,3529,1157826,688459,328,195,286,172,371,218,True,4042,4550,0.8883516483516484,True,
r3-adjusted-v1-P0-R1,41,6939,a0dd3a147eaeb620629e0e99de25f6c0e3a11baec0ef15cf37a8edf185f0759c,1,True,3540,1161803,690122,328,194,286,25,501,218,True,4272,42182,0.1012754255369589,False,
r3-adjusted-v1-P0-R1,42,6940,accfd3920b59306df5ab19f5a5aa0f87787f08dfc195928605274bd0b8740b82,1,True,3514,1153323,685430,328,195,286,172,371,218,True,4042,4550,0.8883516483516484,True,
r3-adjusted-v1-P0-R1,43,6941,e36f98e3452c76bba475d90828dfb34ae709e60d9efa191bbb22c6bb6750fc89,1,True,3530,1157838,688344,327,194,286,172,371,218,True,4042,4550,0.8883516483516484,True,
r3-adjusted-v1-P0-R1,44,6942,2a69c914bf22a7d0860cfc4d091360cfc6bd68bffd152dd1ab8c201d05c7320a,1,True,3549,1164721,691904,328,194,286,132,505,218,True,4272,19418,0.2200020599443815,False,
r3-adjusted-v1-P0-R1,45,6943,3d81cb4407f2e109fd561f2db4ef8ed935d3f4c475f8825b2624741722ae7da6,1,True,3540,1161323,690618,328,195,286,172,371,218,True,4042,4550,0.8883516483516484,True,
r3-adjusted-v1-P0-R1,46,6944,c1eeae8466efb994f4e0fe50762117fb71d9d68c43b3aeefe0be246746f9a233,1,True,3552,1164930,692629,327,194,286,172,371,218,True,4042,4550,0.8883516483516484,True,
r3-adjusted-v1-P0-R1,47,6945,69e7c06bd597f952f6efb48ac29abccfd780c6ddb25157632d3ffefbb911fa7a,1,True,3537,1159916,689688,327,194,286,172,371,218,True,4042,4550,0.8883516483516484,True,
r3-adjusted-v1-P0-R1,48,6946,f90d2a24f09a84e27bf649fe9fb3ff95a15446abb7f6ddb9db5a00bc94a6c732,1,True,3531,1158700,688748,328,195,286,172,371,218,True,4042,4550,0.8883516483516484,True,
r3-adjusted-v1-P0-R1,49,6947,ca752c580649fb9b5e958b2fafb86881eea844d8d73a1f48bc3d82ac4f464a32,1,True,3540,1161374,690213,328,194,286,172,371,218,True,4042,4550,0.8883516483516484,True,
r3-adjusted-v1-P0-R1,50,6948,5ea683e08dff85f0065a7294d2515633ff2e7858d791d71610c3925885f2d50d,1,True,3508,1151142,684452,328,195,286,172,371,218,True,4042,4550,0.8883516483516484,True,
r3-adjusted-v1-P0-R1,51,6949,43676de7d4e92618ec688c0c50657d968e08247ec596359c1cc07a1b83e0dc14,1,True,3506,1151037,684050,328,195,286,172,371,218,True,4042,4550,0.8883516483516484,True,
r3-adjusted-v1-P0-R1,52,6950,f5faf1a2b2dfa951cbf2f9f71aaef0711dac894fbfd878ed76ba3e4859f32972,1,True,3550,1164915,692191,328,194,286,172,371,218,True,4042,4550,0.8883516483516484,True,
r3-adjusted-v1-P0-R1,53,6951,6fe2e9d54229ef171702ba7a479fc723b1f85331426b04e450308f49cb919e54,1,True,3537,1160472,689923,328,195,286,172,371,218,True,4042,4550,0.8883516483516484,True,
r3-adjusted-v1-P0-R1,54,6952,cb08e84dd897cc6f673c4504a670d53de8dbbccd5416f99aea921773297ceddf,1,True,3531,1158434,688595,328,195,286,172,371,218,True,4042,4550,0.8883516483516484,True,
r3-adjusted-v1-P0-R1,55,6953,5f717440902180ce186b324a293319c4a680303d52a54d0552ca5eef8581dbfe,1,True,3514,1153253,685467,328,195,286,172,371,218,True,4042,4550,0.8883516483516484,True,
r3-adjusted-v1-P0-R1,56,6954,8f8a14e66f85d0ad056f600c0b24e7a68a7c87a87bde78cfc60053ccda6d08b5,1,True,3537,1159900,689598,327,194,286,172,371,218,True,4042,4550,0.8883516483516484,True,
r3-adjusted-v1-P0-R1,57,6955,7f046eae6fa9b47152cf5a570271d48b4eb5dde41ffe3e8b61598829ba302c47,1,True,3498,1146942,682393,327,195,286,172,371,218,True,4042,4550,0.8883516483516484,True,
r3-adjusted-v1-P0-R1,58,6956,5e9278fa94628f4ebf1688ffffd6c0b35d9fb127be20604943f19b84e01187b8,1,True,3566,1170084,695290,328,194,286,169,507,218,True,4272,11378,0.37546141676920375,False,
r3-adjusted-v1-P0-R1,59,6957,fb92c4ddf8965e637ee03c6a5472f218a7c28a87e172f3a3c898d3b49f7a6852,1,True,3499,1148429,682755,328,195,286,172,371,218,True,4042,4550,0.8883516483516484,True,
r3-adjusted-v1-P0-R1,60,6958,889e90aa5ddb64c15acead71d6d3d4532fa4962a7841176844694e9eb291cdf9,1,True,3530,1158493,688370,328,195,286,172,371,218,True,4042,4550,0.8883516483516484,True,
r3-adjusted-v1-P0-R1,61,6959,75fe03db8c6eeba0c7c3d1f78f221d3457b9f2dd91275b85ddca460c505b6b99,1,True,3538,1160632,689940,328,195,286,172,371,218,True,4042,4550,0.8883516483516484,True,
r3-adjusted-v1-P0-R1,62,6960,1e71bfa612f335f47ecf8f771a605f4467012f12648b8afb4829fc22deded6f0,1,True,3524,1155526,687470,327,195,286,172,371,218,True,4042,4550,0.8883516483516484,True,
r3-adjusted-v1-P0-R1,63,6961,45e71436827dc0880563eb513ffd77ad42585cbe43cff1c0992a134918535ea3,1,True,3538,1160750,689617,328,194,286,172,371,218,True,4042,4550,0.8883516483516484,True,
r3-adjusted-v1-P0-R1,64,6962,e2d2c4816c351d19b6cd17bb60464b5ce09b1892eb3a93e5f06008243ba0447c,1,True,3537,1160944,689856,328,195,286,172,371,218,True,4042,4550,0.8883516483516484,True,
r3-adjusted-v1-P0-R1,65,6963,c0e4b5c9b5cc5aec24a184d4d580b49a1be11dedc00bf59889fcbe9ae5f092c6,1,True,3543,1162052,690846,327,194,286,172,371,218,True,4042,4550,0.8883516483516484,True,
r3-adjusted-v1-P0-R1,66,6964,4f821565c8b0a92e1e3d56b768e1a85cc57c0b3bf8cf13933031b02dc18683a9,1,True,3555,1166598,693189,328,194,286,172,371,218,True,4042,4550,0.8883516483516484,True,
r3-adjusted-v1-P0-R1,67,6965,333664fb112951c30f0cab3da9f929af4cab78975739cc095abff77c95ee621b,1,True,3538,1160700,689863,328,194,286,172,371,218,True,4042,4550,0.8883516483516484,True,
r3-adjusted-v1-P0-R1,68,6966,05935003e9a7d4de7bca93a38d1f9761d4602293b7f166cf04ec0c1252b6f6c5,1,True,3551,1165115,692366,328,194,286,172,371,218,True,4042,4550,0.8883516483516484,True,
r3-adjusted-v1-P0-R1,69,6967,c1f83954202f88bba194db0f8893295550fb8512716ba5c7d2834505924a8deb,1,True,3545,1162697,691227,327,194,286,172,371,218,True,4042,4550,0.8883516483516484,True,
r3-adjusted-v1-P0-R1,70,6968,e61904f96ebc3197c851eecd4909c797061824931e5b6c2b6ed2e15d5fe1169c,1,True,3529,1157711,688333,328,195,286,76,502,218,True,4272,31309,0.13644638921715802,False,
r3-adjusted-v1-P0-R1,71,6969,8298e002cc8a3a3081ea4be87825a4e1a59e7a1c06bd7e356c7d65cb4270cf6f,1,True,3509,1150810,684308,327,195,286,172,371,218,True,4042,4550,0.8883516483516484,True,
r3-adjusted-v1-P0-R1,72,6970,e98cd57271c7fab8be8e18f7cd966934148e5a7005f5e3b58769a50056e58cb8,1,True,3529,1158078,688309,328,195,286,172,371,218,True,4042,4550,0.8883516483516484,True,
r3-adjusted-v1-P0-R1,73,6971,c3dec4910347e66891e4e02363da239d7b5f0f5ee2cc76f0ed60d8e48bf7f399,1,True,3518,1153540,685995,327,194,286,172,371,218,True,4042,4550,0.8883516483516484,True,
r3-adjusted-v1-P0-R1,74,6972,e61d47209545095638a7a1b3720f0c2dd2a093f05f151e050297198f5a97ea5c,1,True,3526,1156501,687468,327,194,286,172,371,218,True,4042,4550,0.8883516483516484,True,
r3-adjusted-v1-P0-R1,75,6973,2c99551e17a1cf0bdba29ab99159a365a87b8cc73578b01122cedf1d5e3613ed,1,True,3533,1159816,688974,328,195,286,172,371,218,True,4042,4550,0.8883516483516484,True,
r3-adjusted-v1-P0-R1,76,6974,0a5f1af6e33ab0250d5f6337b7b5307b746c49dbeb2bfe261343f229a3c73700,1,True,3525,1156375,687581,328,195,286,172,371,218,True,4042,4550,0.8883516483516484,True,
r3-adjusted-v1-P0-R1,77,6975,cbb7b0dbceb626fdeb1d19b6d587ec415d349fc06aa4bfefe3aaf22d94447e9f,1,True,3545,1162780,691365,328,195,286,172,371,218,True,4042,4550,0.8883516483516484,True,
r3-adjusted-v1-P0-R1,78,6976,4f78c511aaa51268bc7d07b55459ecdd44559211da9a171bed6bf0f07fb05f5c,1,True,3553,1165120,692820,327,194,286,131,371,218,True,4128,7990,0.5166458072590738,True,
r3-adjusted-v1-P0-R1,79,6977,07f543854723519ad71f4a2ebd42e4692b3dba3a6e1e56f88a74494525decc09,1,True,3537,1160442,689577,328,194,286,172,371,218,True,4042,4550,0.8883516483516484,True,
r3-adjusted-v1-P0-R1,80,6978,47f4d4dc8014a3fb49c5ae189efbc57728f65100423bb83bd14b75f1fbac021b,1,True,3555,1165717,693350,327,195,286,172,371,218,True,4042,4550,0.8883516483516484,True,
r3-adjusted-v1-P0-R1,81,6979,cfda8c9d35cee6ec8281b7378eeccd22122da951df000b886c4615385c848242,1,True,3520,1155232,686757,328,195,286,172,371,218,True,4042,4550,0.8883516483516484,True,
r3-adjusted-v1-P0-R1,82,6980,0f813dee3bda3d53ae94295e921fee700ccdc9d4013a862c23fc7098f744b8ca,1,True,3533,1159201,689053,328,195,286,172,371,218,True,4042,4550,0.8883516483516484,True,
r3-adjusted-v1-P0-R1,83,6981,39bbdacc94fbb691118430d4a065236187914fd6e62b7f4e2f406905c72583cd,1,True,3542,1161944,690655,328,194,286,172,371,218,True,4042,4550,0.8883516483516484,True,
r3-adjusted-v1-P0-R1,84,6982,c34ff58133876aa41783d2ace32b2144ba2ec061b4433eda585f62d1fc7392b1,1,True,3522,1155758,687216,328,195,286,172,371,218,True,4042,4550,0.8883516483516484,True,
r3-adjusted-v1-P0-R1,85,6983,8aa8ffd0ac21ce775b05b376307ed9fad771b00a25675700cce53bd54228971e,1,True,3527,1157035,687635,328,194,286,172,371,218,True,4042,4550,0.8883516483516484,True,
r3-adjusted-v1-P0-R1,86,6984,7efc42a749e42fab9c79edac5168fc515b3b4e7cd0720e1fbff9dacfb329b8d6,1,True,3524,1156316,687409,328,195,286,172,371,218,True,4042,4550,0.8883516483516484,True,
r3-adjusted-v1-P0-R1,87,6985,3ee3f48df4488225b6041e785f7e022548d15afd526bedd52ff394f8d869f786,1,True,3522,1155027,687332,327,195,286,172,371,218,True,4042,4550,0.8883516483516484,True,
r3-adjusted-v1-P0-R1,88,6986,ffbdf969a05478edcd7a23dcde1772ca3bcc410e6069ca5a39b8977706c2935c,1,True,3543,1162146,691082,328,195,286,172,371,218,True,4042,4550,0.8883516483516484,True,
r3-adjusted-v1-P0-R1,89,6987,1675bdc8d7033963d369eedd697046d931128f09f8ec7dfa01879c5f6b5d1224,1,True,3561,1168465,694129,328,194,286,129,377,218,True,4272,8558,0.4991820518812807,False,
r3-adjusted-v1-P0-R1,90,6988,ade1b32fefb970c0074bc39b30f404ce861849f1a079525bf66bfe1026b6036b,1,True,3543,1162148,690749,328,194,250,139,371,218,True,4224,10086,0.4187983343248067,False,
r3-adjusted-v1-P0-R1,91,6989,146be99447a133c0fcf66a4a5d9c35f5d29d6482ba10d3f8d2e30c4dd559dab7,1,True,3539,1160243,690345,327,195,286,172,371,218,True,4042,4550,0.8883516483516484,True,
r3-adjusted-v1-P0-R1,92,6990,6efaae35c84a00d042233f38bcfda600318d7eaf2f034c9705c12842dd473c90,1,True,3530,1158506,688279,328,194,250,139,371,218,True,4224,10086,0.4187983343248067,False,
r3-adjusted-v1-P0-R1,93,6991,04b94c36408b4805dd14b593944195c9c7858d8c9890c7cfc74f6001061f25f2,1,True,3558,1166627,693733,327,194,286,172,371,218,True,4042,4550,0.8883516483516484,True,
r3-adjusted-v1-P0-R1,94,6992,cc93988a0dc626e4a4a03c090abd241751154b5d0515394aed71060f8bd1c65f,1,True,3554,1166214,693129,328,195,286,172,371,218,True,4042,4550,0.8883516483516484,True,
r3-adjusted-v1-P0-R1,95,6993,91b9851c3be970c18e1fd541673c9646955934118036409bd217636fdfffd050,1,True,3554,1166024,693205,328,195,286,172,371,218,True,4042,4550,0.8883516483516484,True,
r3-adjusted-v1-P0-R1,96,6994,65d5cd4749ae6427d045868d3e75b36031ebc836f7da39078996fc79f6b22867,1,True,3534,1159329,689081,328,194,286,172,371,218,True,4042,4550,0.8883516483516484,True,
r3-adjusted-v1-P0-R1,97,6995,a8135afac87d0cd9556a01a45c9e191b20ee9fefa80521cb3907e005586f009d,1,True,3560,1167891,694303,328,195,286,172,371,218,True,4042,4550,0.8883516483516484,True,
r3-adjusted-v1-P0-R1,98,6996,37557a72c2d65dd433ef5a4425067ca4f0e5f564ce57f55df046e0e8cbfb76e1,1,True,3520,1155377,686629,328,195,286,172,371,218,True,4042,4550,0.8883516483516484,True,
r3-adjusted-v1-P0-R1,99,6997,23509127e6e417366c255924267d057a13cd247505a26f212f57eacd38d8e6f2,1,True,3559,1167663,693940,328,194,286,172,371,218,True,4042,4550,0.8883516483516484,True,
r3-adjusted-v1-P0-R1,100,6998,ef9515e4c04b0041a1426c264cfd03052c9c29c2ac8381fb74da70407b8678e3,1,True,3555,1166451,693010,328,194,286,156,505,218,True,4272,14138,0.3021643796859528,False,
